Student_ID,Student_Name,Gender,Department,Semester,Subject,Attendance,Study_Hours,Assignment_Marks,Quiz_Marks,Lab_Marks,Internal_Marks,Previous_Semester_Marks,Project_Marks,Final_Exam_Marks,Total,Percentage,Grade,Pass_Fail
STU1001,Manav Joshi,Male,Electronics,8,VLSI Design,57.1,3.4,14.4,7.3,14.7,15.1,64.5,5.3,30.2,71.9,65.36,B,Pass
STU1001,Manav Joshi,Male,Electronics,8,Digital Electronics,42.1,4.4,10.7,4.7,10.2,9.1,50.2,4.4,22.3,52.3,47.55,D,Pass
STU1001,Manav Joshi,Male,Electronics,8,Signals & Systems,99.4,2.7,11.3,6.1,11.1,11.9,57.1,7.9,28.5,64.9,59.0,C,Pass
STU1001,Manav Joshi,Male,Electronics,8,Control Systems,59.4,2.7,8.4,3.6,6.1,6.2,45.8,4.1,23.8,46.0,41.82,D,Pass
STU1002,Rohan Pillai,Male,Electronics,3,Control Systems,92.5,4.8,10.6,6.9,9.8,12.9,55.0,6.6,27.7,61.6,56.0,C,Pass
STU1002,Rohan Pillai,Male,Electronics,3,Microprocessors,100.0,3.5,14.0,7.3,14.0,10.8,60.8,5.7,28.9,69.9,63.55,B,Pass
STU1002,Rohan Pillai,Male,Electronics,3,VLSI Design,68.6,2.8,11.7,5.4,13.7,11.6,63.4,5.3,31.0,67.1,61.0,B,Pass
STU1003,Myra Rao,Female,Electronics,6,VLSI Design,80.8,7.2,17.3,6.8,15.5,15.9,85.3,8.5,37.9,86.0,78.18,B+,Pass
STU1003,Myra Rao,Female,Electronics,6,Microprocessors,51.6,4.9,15.1,6.5,13.4,12.5,60.5,6.0,25.8,66.8,60.73,B,Pass
STU1003,Myra Rao,Female,Electronics,6,Signals & Systems,47.6,6.3,14.7,5.3,13.3,11.4,70.8,6.3,35.5,75.1,68.27,B,Pass
STU1004,Vihaan Das,Male,Information Technology,8,DBMS,70.2,2.9,8.5,1.9,8.2,8.4,44.5,5.4,24.3,48.3,43.91,D,Pass
STU1004,Vihaan Das,Male,Information Technology,8,Software Engineering,67.7,3.3,9.2,7.9,10.6,10.1,44.4,6.4,23.7,57.8,52.55,C,Pass
STU1004,Vihaan Das,Male,Information Technology,8,Cyber Security,91.6,4.6,13.4,3.1,9.9,9.7,54.6,5.5,23.5,55.4,50.36,C,Pass
STU1004,Vihaan Das,Male,Information Technology,8,Web Technology,67.2,3.2,11.9,6.3,11.5,9.2,52.6,7.6,30.4,67.7,61.55,B,Pass
STU1005,Ananya Das,Female,Information Technology,6,Cyber Security,58.6,2.7,11.8,7.5,12.9,13.1,66.4,6.1,34.9,73.2,66.55,B,Pass
STU1005,Ananya Das,Female,Information Technology,6,Cloud Computing,81.8,2.8,9.4,4.8,11.9,11.6,49.2,5.5,30.0,61.6,56.0,C,Pass
STU1005,Ananya Das,Female,Information Technology,6,DBMS,85.6,1.2,9.1,3.3,7.8,10.3,52.4,4.2,28.1,52.5,47.73,D,Pass
STU1005,Ananya Das,Female,Information Technology,6,Software Engineering,77.1,1.2,7.7,2.9,7.0,9.1,35.0,4.6,14.4,36.6,33.27,F,Fail
STU1006,Sahil Kapoor,Male,Electronics,3,Control Systems,84.5,7.1,13.6,6.0,14.7,14.9,74.6,7.9,38.1,80.3,73.0,B+,Pass
STU1006,Sahil Kapoor,Male,Electronics,3,Signals & Systems,70.0,5.5,12.3,6.8,9.4,11.2,69.1,6.5,31.0,66.0,60.0,B,Pass
STU1006,Sahil Kapoor,Male,Electronics,3,VLSI Design,100.0,5.9,12.7,5.7,13.4,14.6,74.0,5.7,28.9,66.4,60.36,B,Pass
STU1007,Arjun Malhotra,Male,Electronics,4,Control Systems,86.9,3.0,15.5,7.1,13.8,16.3,71.2,7.6,35.8,79.8,72.55,B+,Pass
STU1007,Arjun Malhotra,Male,Electronics,4,Digital Electronics,82.7,5.5,13.1,5.8,12.8,14.1,71.3,5.8,37.2,74.7,67.91,B,Pass
STU1007,Arjun Malhotra,Male,Electronics,4,Microprocessors,83.8,7.2,13.5,5.9,17.6,16.3,76.4,7.9,33.8,78.7,71.55,B+,Pass
STU1008,Manav Gupta,Male,Civil,3,Transportation Eng,99.9,5.8,15.1,7.8,15.5,15.3,78.0,7.6,38.1,84.1,76.45,B+,Pass
STU1008,Manav Gupta,Male,Civil,3,Concrete Technology,63.2,6.4,11.4,3.8,10.2,9.9,52.8,4.4,19.3,49.1,44.64,D,Pass
STU1008,Manav Gupta,Male,Civil,3,Geotechnical Eng,40.0,1.4,10.7,3.5,11.5,8.9,45.3,4.3,25.2,55.2,50.18,C,Pass
STU1008,Manav Gupta,Male,Civil,3,Structural Analysis,77.5,1.5,12.6,4.8,12.5,10.7,56.0,4.8,23.2,57.9,52.64,C,Pass
STU1009,Kabir Menon,Male,Information Technology,4,Cyber Security,98.5,1.6,14.7,5.5,16.7,16.0,62.7,3.0,31.3,71.2,64.73,B,Pass
STU1009,Kabir Menon,Male,Information Technology,4,Web Technology,70.1,5.0,11.9,5.3,11.9,12.3,41.5,4.5,23.7,57.3,52.09,C,Pass
STU1009,Kabir Menon,Male,Information Technology,4,Software Engineering,80.1,9.6,13.7,7.7,14.8,14.4,67.4,6.8,26.9,69.9,63.55,B,Pass
STU1009,Kabir Menon,Male,Information Technology,4,Cloud Computing,81.2,2.7,11.6,6.8,12.3,11.2,58.0,6.4,25.1,62.2,56.55,C,Pass
STU1010,Karan Bhat,Male,Information Technology,1,Cloud Computing,47.6,7.0,10.1,4.3,8.1,10.6,53.9,5.0,19.1,46.6,42.36,D,Pass
STU1010,Karan Bhat,Male,Information Technology,1,DBMS,60.0,3.7,9.8,6.5,10.0,8.2,47.4,6.1,28.6,61.0,55.45,C,Pass
STU1010,Karan Bhat,Male,Information Technology,1,Web Technology,85.1,2.5,12.5,3.6,11.4,12.2,52.3,6.5,23.6,57.6,52.36,C,Pass
STU1011,Diya Naidu,Female,Mechanical,7,Fluid Mechanics,85.6,2.9,12.0,6.0,10.5,12.6,52.4,6.4,29.4,64.3,58.45,C,Pass
STU1011,Diya Naidu,Female,Mechanical,7,Robotics,63.3,5.2,6.5,2.2,9.2,10.4,36.2,3.9,18.8,40.6,36.91,F,Fail
STU1011,Diya Naidu,Female,Mechanical,7,Machine Design,87.3,3.2,12.1,7.3,13.1,13.3,67.2,7.4,34.3,74.2,67.45,B,Pass
STU1011,Diya Naidu,Female,Mechanical,7,Thermodynamics,72.6,4.8,8.4,5.4,11.9,10.4,55.6,5.5,33.7,64.9,59.0,C,Pass
STU1012,Kiara Das,Female,Civil,8,Structural Analysis,100.0,3.8,13.5,4.8,15.5,11.5,62.0,3.6,23.3,60.7,55.18,C,Pass
STU1012,Kiara Das,Female,Civil,8,Surveying,82.4,7.2,17.3,10.0,18.6,16.7,79.7,6.1,40.9,92.9,84.45,A,Pass
STU1012,Kiara Das,Female,Civil,8,Transportation Eng,100.0,2.1,7.5,4.6,8.8,12.4,49.6,4.9,23.9,49.7,45.18,D,Pass
STU1013,Vivaan Mukherjee,Male,Computer Science,4,Data Structures,86.9,1.3,8.2,5.4,9.6,9.3,47.2,5.5,22.6,51.3,46.64,D,Pass
STU1013,Vivaan Mukherjee,Male,Computer Science,4,DBMS,93.9,4.6,12.0,6.0,12.6,13.6,70.0,6.5,26.0,63.1,57.36,C,Pass
STU1013,Vivaan Mukherjee,Male,Computer Science,4,Machine Learning,100.0,5.8,11.8,5.8,11.4,12.9,64.5,6.4,28.2,63.6,57.82,C,Pass
STU1013,Vivaan Mukherjee,Male,Computer Science,4,Computer Networks,57.1,6.8,10.3,5.7,10.1,9.0,56.8,5.0,26.4,57.5,52.27,C,Pass
STU1014,Riya Reddy,Female,Information Technology,6,DBMS,65.8,0.5,13.6,4.7,9.1,12.3,59.2,6.1,32.7,66.2,60.18,B,Pass
STU1014,Riya Reddy,Female,Information Technology,6,Cloud Computing,83.7,5.3,15.5,8.1,16.5,13.2,73.3,6.7,32.1,78.9,71.73,B+,Pass
STU1014,Riya Reddy,Female,Information Technology,6,Web Technology,84.9,3.1,12.2,6.3,13.8,10.3,62.9,6.4,34.4,73.1,66.45,B,Pass
STU1014,Riya Reddy,Female,Information Technology,6,Software Engineering,98.9,1.8,11.4,6.5,12.1,13.8,52.8,6.2,31.6,67.8,61.64,B,Pass
STU1015,Priya Reddy,Female,Civil,7,Transportation Eng,68.2,4.8,10.8,6.2,13.9,11.5,55.2,7.7,23.2,61.8,56.18,C,Pass
STU1015,Priya Reddy,Female,Civil,7,Surveying,84.2,0.5,9.2,4.3,7.3,6.2,45.1,4.7,20.0,45.5,41.36,D,Pass
STU1015,Priya Reddy,Female,Civil,7,Structural Analysis,63.0,8.2,9.9,5.2,9.6,10.5,43.7,6.4,24.7,55.8,50.73,C,Pass
STU1015,Priya Reddy,Female,Civil,7,Concrete Technology,82.8,6.7,15.2,7.9,16.5,14.8,76.2,7.2,42.1,88.9,80.82,A,Pass
STU1016,Pooja Verma,Female,Information Technology,6,DBMS,71.5,3.4,8.3,7.2,13.4,9.9,53.9,5.2,29.7,63.8,58.0,C,Pass
STU1016,Pooja Verma,Female,Information Technology,6,Software Engineering,81.6,7.0,13.9,6.8,11.9,13.2,64.2,6.0,28.5,67.1,61.0,B,Pass
STU1016,Pooja Verma,Female,Information Technology,6,Cyber Security,67.1,4.6,13.0,5.1,12.6,12.3,68.8,7.4,24.0,62.1,56.45,C,Pass
STU1016,Pooja Verma,Female,Information Technology,6,Cloud Computing,95.7,6.2,17.5,7.6,16.8,15.9,71.6,6.4,34.6,82.9,75.36,B+,Pass
STU1017,Tanya Malhotra,Female,Mechanical,1,Thermodynamics,70.6,2.4,17.3,6.3,11.4,13.9,58.4,7.0,30.0,72.0,65.45,B,Pass
STU1017,Tanya Malhotra,Female,Mechanical,1,Manufacturing Tech,93.3,4.9,14.9,5.0,12.3,11.3,78.2,6.7,41.2,80.1,72.82,B+,Pass
STU1017,Tanya Malhotra,Female,Mechanical,1,Machine Design,70.0,1.2,12.1,4.4,13.4,12.5,58.6,5.0,29.6,64.5,58.64,C,Pass
STU1017,Tanya Malhotra,Female,Mechanical,1,Robotics,54.9,3.9,12.0,3.0,10.7,8.6,53.5,5.6,25.6,56.9,51.73,C,Pass
STU1018,Riya Malhotra,Female,Civil,2,Surveying,99.5,7.9,12.3,5.5,8.8,10.7,68.0,5.2,28.5,60.3,54.82,C,Pass
STU1018,Riya Malhotra,Female,Civil,2,Transportation Eng,86.2,2.2,8.4,6.6,7.9,11.1,40.9,5.9,29.7,58.5,53.18,C,Pass
STU1018,Riya Malhotra,Female,Civil,2,Geotechnical Eng,75.7,6.7,17.5,8.6,18.2,17.3,87.0,8.5,50.0,102.8,93.45,A+,Pass
STU1018,Riya Malhotra,Female,Civil,2,Structural Analysis,71.3,6.0,7.6,1.3,7.3,5.2,34.5,3.5,17.5,37.2,33.82,F,Fail
STU1019,Aman Patel,Male,Civil,7,Transportation Eng,100.0,3.3,13.4,6.6,12.4,12.7,72.6,6.0,31.1,69.5,63.18,B,Pass
STU1019,Aman Patel,Male,Civil,7,Concrete Technology,93.5,6.6,14.4,9.7,14.4,16.5,76.7,8.0,41.5,88.0,80.0,A,Pass
STU1019,Aman Patel,Male,Civil,7,Geotechnical Eng,83.9,5.1,15.0,8.6,17.2,13.5,79.8,8.4,37.2,86.4,78.55,B+,Pass
STU1019,Aman Patel,Male,Civil,7,Structural Analysis,75.9,7.3,13.2,5.5,11.0,15.6,61.6,5.6,24.3,59.6,54.18,C,Pass
STU1020,Aarav Menon,Male,Computer Science,8,Machine Learning,82.4,2.1,18.3,6.8,11.1,13.8,55.9,6.3,40.5,83.0,75.45,B+,Pass
STU1020,Aarav Menon,Male,Computer Science,8,Computer Networks,80.5,5.2,16.6,7.5,15.3,12.9,71.2,6.0,36.4,81.8,74.36,B+,Pass
STU1020,Aarav Menon,Male,Computer Science,8,Operating Systems,62.5,5.3,15.1,8.3,13.8,15.3,71.7,9.1,33.4,79.7,72.45,B+,Pass
STU1021,Sahil Rao,Male,Electronics,3,Control Systems,69.6,4.6,10.8,5.1,11.0,10.5,57.6,5.2,23.7,55.8,50.73,C,Pass
STU1021,Sahil Rao,Male,Electronics,3,VLSI Design,85.6,4.7,11.3,5.5,10.3,15.0,55.8,5.5,28.1,60.7,55.18,C,Pass
STU1021,Sahil Rao,Male,Electronics,3,Digital Electronics,73.9,6.3,14.1,6.0,16.9,11.9,69.9,7.5,35.8,80.3,73.0,B+,Pass
STU1021,Sahil Rao,Male,Electronics,3,Microprocessors,76.2,4.1,12.9,8.0,10.7,9.4,57.0,8.3,25.5,65.4,59.45,C,Pass
STU1022,Aditya Gupta,Male,Electronics,1,Signals & Systems,83.5,7.8,16.0,7.4,17.7,18.1,90.4,6.5,35.9,83.5,75.91,B+,Pass
STU1022,Aditya Gupta,Male,Electronics,1,VLSI Design,56.3,6.8,13.0,7.1,11.7,15.0,77.2,7.7,33.4,72.9,66.27,B,Pass
STU1022,Aditya Gupta,Male,Electronics,1,Digital Electronics,57.0,1.4,7.6,4.6,4.8,9.4,40.8,3.4,13.9,34.3,31.18,F,Fail
STU1022,Aditya Gupta,Male,Electronics,1,Microprocessors,73.8,7.0,12.0,6.4,14.7,14.5,70.8,5.5,32.5,71.1,64.64,B,Pass
STU1023,Krishna Singh,Male,Information Technology,1,Software Engineering,63.0,3.7,8.3,4.4,9.8,7.4,35.4,6.5,17.2,46.2,42.0,D,Pass
STU1023,Krishna Singh,Male,Information Technology,1,DBMS,78.4,6.2,12.5,7.0,12.5,14.9,68.4,7.2,30.7,69.9,63.55,B,Pass
STU1023,Krishna Singh,Male,Information Technology,1,Cloud Computing,61.4,4.0,11.2,4.6,9.4,8.8,46.9,7.1,21.8,54.1,49.18,D,Pass
STU1023,Krishna Singh,Male,Information Technology,1,Cyber Security,85.4,3.2,7.2,2.9,8.6,7.9,30.0,3.3,8.0,30.0,27.27,F,Fail
STU1024,Kiara Patel,Female,Mechanical,2,Thermodynamics,64.5,5.1,11.3,5.2,10.8,10.9,53.6,6.0,26.1,59.4,54.0,C,Pass
STU1024,Kiara Patel,Female,Mechanical,2,Manufacturing Tech,67.8,4.5,11.0,7.4,8.7,9.9,50.6,6.1,23.6,56.8,51.64,C,Pass
STU1024,Kiara Patel,Female,Mechanical,2,Fluid Mechanics,94.9,2.2,13.1,6.0,11.7,11.4,59.8,6.9,26.8,64.5,58.64,C,Pass
STU1024,Kiara Patel,Female,Mechanical,2,Machine Design,62.3,4.7,6.9,7.0,8.0,9.8,54.9,4.0,15.3,41.2,37.45,F,Fail
STU1025,Dev Iyer,Male,Electronics,4,Microprocessors,82.1,3.6,9.7,5.0,10.5,11.1,53.8,2.7,25.2,53.1,48.27,D,Pass
STU1025,Dev Iyer,Male,Electronics,4,Digital Electronics,74.1,1.5,11.2,5.9,12.4,13.0,55.4,5.7,28.0,63.2,57.45,C,Pass
STU1025,Dev Iyer,Male,Electronics,4,VLSI Design,67.2,3.4,3.5,4.3,6.5,6.0,27.4,3.1,12.1,29.5,26.82,F,Fail
STU1025,Dev Iyer,Male,Electronics,4,Signals & Systems,81.4,4.8,11.3,4.9,8.6,9.3,44.0,4.8,27.8,57.4,52.18,C,Pass
STU1026,Ira Sharma,Female,Electronics,5,Digital Electronics,85.8,4.4,9.2,3.8,8.2,12.0,56.3,5.1,26.4,52.7,47.91,D,Pass
STU1026,Ira Sharma,Female,Electronics,5,Control Systems,75.7,4.9,11.5,5.8,12.3,9.8,61.4,5.4,31.2,66.2,60.18,B,Pass
STU1026,Ira Sharma,Female,Electronics,5,Microprocessors,63.5,6.0,13.2,6.5,13.1,14.4,68.8,6.6,27.0,66.4,60.36,B,Pass
STU1026,Ira Sharma,Female,Electronics,5,Signals & Systems,88.1,5.5,14.7,8.8,20.0,18.5,89.2,9.7,41.3,94.5,85.91,A,Pass
STU1027,Karan Gupta,Male,Computer Science,5,DBMS,75.1,5.5,11.2,6.8,10.9,8.5,53.6,6.3,23.3,58.5,53.18,C,Pass
STU1027,Karan Gupta,Male,Computer Science,5,Machine Learning,78.2,4.2,11.1,6.1,10.0,10.7,60.3,5.3,35.2,67.7,61.55,B,Pass
STU1027,Karan Gupta,Male,Computer Science,5,Data Structures,81.1,3.7,8.6,4.1,13.2,10.5,69.2,5.1,29.0,60.0,54.55,C,Pass
STU1027,Karan Gupta,Male,Computer Science,5,Computer Networks,100.0,7.6,20.0,10.0,20.0,18.0,90.1,9.4,46.4,105.8,96.18,A+,Pass
STU1028,Tanya Menon,Female,Electronics,1,VLSI Design,79.1,3.6,11.9,5.3,13.5,11.5,60.8,6.8,33.6,71.1,64.64,B,Pass
STU1028,Tanya Menon,Female,Electronics,1,Microprocessors,92.8,2.7,9.0,5.5,12.2,12.3,56.5,5.5,29.4,61.6,56.0,C,Pass
STU1028,Tanya Menon,Female,Electronics,1,Digital Electronics,100.0,2.8,15.2,7.1,15.7,13.9,63.5,4.7,34.1,76.8,69.82,B,Pass
STU1028,Tanya Menon,Female,Electronics,1,Control Systems,82.6,4.8,11.2,4.8,11.6,12.9,53.5,4.9,24.8,57.3,52.09,C,Pass
STU1029,Yash Singh,Male,Mechanical,5,Manufacturing Tech,92.7,0.6,10.3,5.8,12.1,13.2,55.5,4.9,30.5,63.6,57.82,C,Pass
STU1029,Yash Singh,Male,Mechanical,5,Machine Design,91.0,4.0,13.4,9.1,12.3,14.5,61.3,5.7,31.4,71.9,65.36,B,Pass
STU1029,Yash Singh,Male,Mechanical,5,Thermodynamics,81.7,7.8,13.3,6.1,11.1,15.4,67.2,8.8,36.8,76.1,69.18,B,Pass
STU1030,Rohan Kapoor,Male,Mechanical,5,Machine Design,65.6,5.3,11.1,6.8,10.0,12.8,55.0,5.9,28.5,62.3,56.64,C,Pass
STU1030,Rohan Kapoor,Male,Mechanical,5,Manufacturing Tech,77.8,4.5,14.5,9.1,15.5,15.6,71.1,7.0,34.9,81.0,73.64,B+,Pass
STU1030,Rohan Kapoor,Male,Mechanical,5,Robotics,86.9,4.7,13.5,7.5,12.9,13.4,80.2,6.9,33.7,74.5,67.73,B,Pass
STU1030,Rohan Kapoor,Male,Mechanical,5,Thermodynamics,66.6,0.5,7.1,5.0,6.4,6.1,31.8,2.6,20.8,41.9,38.09,F,Fail
STU1031,Myra Iyer,Female,Civil,7,Structural Analysis,62.3,5.3,12.5,5.0,11.9,12.6,69.3,5.5,29.0,63.9,58.09,C,Pass
STU1031,Myra Iyer,Female,Civil,7,Concrete Technology,66.0,6.4,14.5,7.4,13.1,14.6,66.4,6.5,37.3,78.8,71.64,B+,Pass
STU1031,Myra Iyer,Female,Civil,7,Geotechnical Eng,77.0,5.1,9.4,5.2,7.4,7.8,45.8,4.6,16.1,42.7,38.82,F,Fail
STU1031,Myra Iyer,Female,Civil,7,Transportation Eng,69.6,4.8,15.1,7.7,12.6,17.4,64.1,8.0,38.6,82.0,74.55,B+,Pass
STU1032,Ansh Chatterjee,Male,Electronics,3,VLSI Design,82.2,3.5,12.1,5.0,9.9,8.9,61.1,4.9,26.1,58.0,52.73,C,Pass
STU1032,Ansh Chatterjee,Male,Electronics,3,Signals & Systems,82.0,5.1,11.3,5.2,12.1,11.6,63.5,7.8,31.0,67.4,61.27,B,Pass
STU1032,Ansh Chatterjee,Male,Electronics,3,Digital Electronics,77.8,3.7,11.6,6.3,12.3,13.9,56.7,7.6,23.8,61.6,56.0,C,Pass
STU1032,Ansh Chatterjee,Male,Electronics,3,Control Systems,72.7,8.7,12.9,6.7,12.3,14.4,63.2,7.3,39.1,78.3,71.18,B+,Pass
STU1033,Diya Singh,Female,Civil,6,Concrete Technology,60.2,2.1,11.1,4.3,13.2,10.9,69.1,6.8,26.7,62.1,56.45,C,Pass
STU1033,Diya Singh,Female,Civil,6,Structural Analysis,100.0,3.1,11.3,5.1,11.7,11.2,60.9,5.3,24.7,58.1,52.82,C,Pass
STU1033,Diya Singh,Female,Civil,6,Surveying,73.0,3.8,12.8,7.2,10.7,12.5,63.5,5.3,29.1,65.1,59.18,C,Pass
STU1034,Ishaan Das,Male,Mechanical,4,Robotics,76.5,1.0,5.9,4.4,6.2,9.9,40.1,3.7,20.5,40.7,37.0,F,Fail
STU1034,Ishaan Das,Male,Mechanical,4,Fluid Mechanics,78.1,4.1,13.3,9.0,13.2,12.3,59.1,6.1,28.0,69.6,63.27,B,Pass
STU1034,Ishaan Das,Male,Mechanical,4,Machine Design,79.4,5.0,10.5,4.1,7.9,6.8,35.3,5.3,21.6,49.4,44.91,D,Pass
STU1035,Neha Menon,Female,Computer Science,1,DBMS,64.3,6.6,15.5,5.9,15.1,15.9,72.1,6.3,39.3,82.1,74.64,B+,Pass
STU1035,Neha Menon,Female,Computer Science,1,Operating Systems,54.6,4.7,11.3,5.9,11.0,9.4,49.9,3.4,22.7,54.3,49.36,D,Pass
STU1035,Neha Menon,Female,Computer Science,1,Data Structures,63.0,5.4,14.9,7.9,10.4,16.4,69.4,6.3,34.4,73.9,67.18,B,Pass
STU1036,Manav Chatterjee,Male,Computer Science,3,DBMS,73.9,1.5,10.7,6.2,13.5,11.1,53.0,8.2,24.3,62.9,57.18,C,Pass
STU1036,Manav Chatterjee,Male,Computer Science,3,Computer Networks,81.2,3.8,12.0,3.2,9.2,11.2,53.7,5.7,28.8,58.9,53.55,C,Pass
STU1036,Manav Chatterjee,Male,Computer Science,3,Machine Learning,95.8,0.5,9.1,4.5,10.6,9.2,49.8,3.5,22.6,50.3,45.73,D,Pass
STU1036,Manav Chatterjee,Male,Computer Science,3,Operating Systems,79.4,2.3,10.2,6.0,8.1,9.1,52.1,4.1,26.3,54.7,49.73,D,Pass
STU1037,Ishaan Rao,Male,Electronics,1,Control Systems,81.4,4.4,9.2,6.3,8.4,11.7,51.4,7.3,29.7,60.9,55.36,C,Pass
STU1037,Ishaan Rao,Male,Electronics,1,Microprocessors,95.2,4.1,7.8,4.0,9.8,10.5,53.4,3.0,23.6,48.2,43.82,D,Pass
STU1037,Ishaan Rao,Male,Electronics,1,Digital Electronics,75.1,2.3,15.9,9.2,16.2,13.8,66.1,7.2,34.0,82.5,75.0,B+,Pass
STU1038,Sara Sharma,Female,Electronics,2,Signals & Systems,94.0,1.1,10.4,6.6,10.2,9.3,47.0,4.9,21.2,53.3,48.45,D,Pass
STU1038,Sara Sharma,Female,Electronics,2,Digital Electronics,77.3,4.6,11.4,9.8,15.7,17.4,65.5,6.9,38.3,82.1,74.64,B+,Pass
STU1038,Sara Sharma,Female,Electronics,2,VLSI Design,82.3,5.6,9.5,5.3,7.1,9.3,31.1,2.8,13.7,38.4,34.91,F,Fail
STU1038,Sara Sharma,Female,Electronics,2,Control Systems,88.1,2.8,13.5,7.5,13.6,14.6,59.8,7.9,32.6,75.1,68.27,B,Pass
STU1039,Meera Patel,Female,Mechanical,1,Robotics,73.0,4.3,11.6,5.9,11.4,11.9,53.3,4.6,23.4,56.9,51.73,C,Pass
STU1039,Meera Patel,Female,Mechanical,1,Thermodynamics,84.6,6.5,14.5,5.1,12.2,11.0,61.5,4.7,28.9,65.4,59.45,C,Pass
STU1039,Meera Patel,Female,Mechanical,1,Manufacturing Tech,95.3,6.5,11.4,6.1,13.1,12.7,69.3,6.6,35.2,72.4,65.82,B,Pass
STU1040,Kavya Naidu,Female,Mechanical,6,Fluid Mechanics,97.0,6.9,8.5,5.9,10.1,8.6,38.8,4.9,16.7,46.1,41.91,D,Pass
STU1040,Kavya Naidu,Female,Mechanical,6,Machine Design,85.1,5.5,18.1,8.3,17.5,14.9,84.3,8.4,41.8,94.1,85.55,A,Pass
STU1040,Kavya Naidu,Female,Mechanical,6,Manufacturing Tech,66.5,4.8,13.2,6.3,13.5,14.5,61.9,6.0,31.9,70.9,64.45,B,Pass
STU1040,Kavya Naidu,Female,Mechanical,6,Thermodynamics,66.5,1.8,10.8,5.4,11.7,10.2,53.9,5.1,27.0,60.0,54.55,C,Pass
STU1041,Vihaan Gupta,Male,Computer Science,5,Operating Systems,85.3,3.3,10.7,4.2,12.2,10.9,51.4,4.8,27.0,58.9,53.55,C,Pass
STU1041,Vihaan Gupta,Male,Computer Science,5,Computer Networks,76.3,5.3,5.8,3.8,5.9,5.8,46.0,3.7,18.3,37.5,34.09,F,Fail
STU1041,Vihaan Gupta,Male,Computer Science,5,DBMS,72.8,5.5,15.5,8.5,17.4,13.9,72.9,8.8,40.7,90.9,82.64,A,Pass
STU1041,Vihaan Gupta,Male,Computer Science,5,Data Structures,58.8,6.7,13.9,6.7,12.3,11.5,59.3,6.9,27.9,67.7,61.55,B,Pass
STU1042,Nikhil Kapoor,Male,Information Technology,2,Cyber Security,87.2,2.2,10.3,7.3,10.9,9.2,57.2,5.4,28.1,62.0,56.36,C,Pass
STU1042,Nikhil Kapoor,Male,Information Technology,2,DBMS,93.4,5.0,9.9,5.3,8.8,10.5,64.3,5.0,31.6,60.6,55.09,C,Pass
STU1042,Nikhil Kapoor,Male,Information Technology,2,Cloud Computing,100.0,2.0,18.0,7.8,16.1,16.9,75.7,5.9,40.6,88.4,80.36,A,Pass
STU1042,Nikhil Kapoor,Male,Information Technology,2,Software Engineering,72.4,3.6,12.5,6.8,11.3,12.3,65.9,7.9,39.3,77.8,70.73,B+,Pass
STU1043,Sara Sharma,Female,Computer Science,3,Machine Learning,68.7,5.4,10.0,6.1,13.6,11.9,55.4,4.4,35.0,69.1,62.82,B,Pass
STU1043,Sara Sharma,Female,Computer Science,3,DBMS,89.9,2.2,11.5,4.1,12.4,12.8,53.9,5.8,29.8,63.6,57.82,C,Pass
STU1043,Sara Sharma,Female,Computer Science,3,Data Structures,78.1,5.7,9.7,5.5,8.5,12.7,37.5,4.1,23.2,51.0,46.36,D,Pass
STU1044,Diya Das,Female,Information Technology,8,Cloud Computing,83.6,2.8,13.9,4.6,11.9,10.3,44.5,5.7,28.8,64.9,59.0,C,Pass
STU1044,Diya Das,Female,Information Technology,8,DBMS,75.0,5.7,11.1,3.7,11.5,10.7,44.1,3.8,27.0,57.1,51.91,C,Pass
STU1044,Diya Das,Female,Information Technology,8,Web Technology,56.4,4.0,13.8,6.4,11.3,14.0,67.3,6.3,30.5,68.3,62.09,B,Pass
STU1044,Diya Das,Female,Information Technology,8,Software Engineering,69.5,1.9,8.5,8.8,8.5,14.1,52.0,5.3,24.1,55.2,50.18,C,Pass
STU1045,Myra Kumar,Female,Electronics,1,Microprocessors,51.2,7.0,14.1,7.4,14.1,12.1,65.2,5.2,35.5,76.3,69.36,B,Pass
STU1045,Myra Kumar,Female,Electronics,1,VLSI Design,52.5,7.9,11.4,6.5,11.0,10.7,61.5,6.3,30.1,65.3,59.36,C,Pass
STU1045,Myra Kumar,Female,Electronics,1,Control Systems,91.8,4.7,11.7,3.7,10.7,10.1,45.9,4.4,26.0,56.5,51.36,C,Pass
STU1045,Myra Kumar,Female,Electronics,1,Signals & Systems,68.9,6.6,16.4,6.6,14.4,15.0,71.4,8.2,27.3,72.9,66.27,B,Pass
STU1046,Ishaan Iyer,Male,Mechanical,2,Machine Design,78.5,3.1,9.3,3.0,9.3,9.0,32.7,3.5,25.4,50.5,45.91,D,Pass
STU1046,Ishaan Iyer,Male,Mechanical,2,Fluid Mechanics,71.5,2.5,11.9,5.5,14.4,14.9,66.1,6.2,27.4,65.4,59.45,C,Pass
STU1046,Ishaan Iyer,Male,Mechanical,2,Manufacturing Tech,85.3,2.8,14.6,5.3,15.2,12.1,66.2,7.1,42.0,84.2,76.55,B+,Pass
STU1047,Neha Malhotra,Female,Computer Science,1,Computer Networks,73.0,10.7,15.1,6.5,13.0,12.3,70.8,7.2,32.5,74.3,67.55,B,Pass
STU1047,Neha Malhotra,Female,Computer Science,1,Operating Systems,100.0,3.1,11.8,1.5,11.0,9.5,50.4,4.6,28.9,57.8,52.55,C,Pass
STU1047,Neha Malhotra,Female,Computer Science,1,DBMS,79.8,5.2,13.2,8.9,16.1,10.5,62.7,5.6,32.8,76.6,69.64,B,Pass
STU1047,Neha Malhotra,Female,Computer Science,1,Machine Learning,81.2,4.9,17.0,7.2,14.4,15.6,80.0,7.6,33.5,79.7,72.45,B+,Pass
STU1048,Aadhya Malhotra,Female,Civil,3,Concrete Technology,64.0,5.9,9.6,7.1,10.6,10.8,58.5,5.2,33.4,65.9,59.91,C,Pass
STU1048,Aadhya Malhotra,Female,Civil,3,Surveying,68.8,8.1,13.3,6.1,14.5,14.2,56.4,6.7,37.2,77.8,70.73,B+,Pass
STU1048,Aadhya Malhotra,Female,Civil,3,Transportation Eng,73.9,3.5,7.3,3.6,9.9,12.1,46.0,4.3,31.3,56.4,51.27,C,Pass
STU1048,Aadhya Malhotra,Female,Civil,3,Structural Analysis,54.7,2.3,5.2,3.8,9.2,5.9,39.4,4.3,19.2,41.7,37.91,F,Fail
STU1049,Myra Pillai,Female,Information Technology,3,Web Technology,79.6,4.9,13.9,7.2,9.5,15.4,59.6,7.0,41.3,78.9,71.73,B+,Pass
STU1049,Myra Pillai,Female,Information Technology,3,Cloud Computing,64.3,8.8,13.2,6.0,14.0,12.8,68.6,6.6,35.4,75.2,68.36,B,Pass
STU1049,Myra Pillai,Female,Information Technology,3,DBMS,97.9,2.7,11.9,8.5,13.6,14.7,66.3,7.1,35.2,76.3,69.36,B,Pass
STU1049,Myra Pillai,Female,Information Technology,3,Cyber Security,86.2,0.5,12.4,7.5,15.4,14.6,68.6,6.7,33.5,75.5,68.64,B,Pass
STU1050,Siddharth Naidu,Male,Mechanical,1,Robotics,69.9,5.9,13.9,6.7,14.3,13.9,59.8,7.5,36.6,79.0,71.82,B+,Pass
STU1050,Siddharth Naidu,Male,Mechanical,1,Thermodynamics,78.5,3.0,13.5,8.3,10.7,9.8,61.1,6.7,28.9,68.1,61.91,B,Pass
STU1050,Siddharth Naidu,Male,Mechanical,1,Manufacturing Tech,59.3,7.4,15.5,8.4,11.7,12.1,68.7,6.1,32.0,73.7,67.0,B,Pass
STU1050,Siddharth Naidu,Male,Mechanical,1,Fluid Mechanics,51.1,4.6,9.3,6.4,8.1,11.2,48.6,4.7,28.2,56.7,51.55,C,Pass
STU1051,Aditya Menon,Male,Information Technology,8,Web Technology,63.9,5.2,7.6,2.9,10.9,11.7,48.2,4.4,29.3,55.1,50.09,C,Pass
STU1051,Aditya Menon,Male,Information Technology,8,Cloud Computing,58.9,2.2,12.6,3.4,8.9,11.0,57.2,6.4,28.3,59.6,54.18,C,Pass
STU1051,Aditya Menon,Male,Information Technology,8,Cyber Security,72.5,4.8,13.4,5.4,13.7,11.3,68.0,6.5,39.1,78.1,71.0,B+,Pass
STU1052,Rahul Bhat,Male,Information Technology,3,DBMS,60.4,3.1,13.4,5.3,7.7,8.9,54.0,7.0,18.1,51.5,46.82,D,Pass
STU1052,Rahul Bhat,Male,Information Technology,3,Software Engineering,100.0,0.7,11.2,2.6,10.4,10.9,56.6,4.2,26.3,54.7,49.73,D,Pass
STU1052,Rahul Bhat,Male,Information Technology,3,Cyber Security,81.6,2.6,7.7,5.3,10.5,8.9,46.3,3.2,21.9,48.6,44.18,D,Pass
STU1052,Rahul Bhat,Male,Information Technology,3,Cloud Computing,100.0,4.4,14.3,6.7,15.4,13.3,65.9,6.3,36.9,79.6,72.36,B+,Pass
STU1053,Dev Malhotra,Male,Computer Science,4,Computer Networks,73.8,5.2,12.9,5.9,12.7,14.6,68.2,6.6,33.6,71.7,65.18,B,Pass
STU1053,Dev Malhotra,Male,Computer Science,4,Machine Learning,75.3,3.4,11.9,3.9,8.8,8.0,42.0,4.7,22.2,51.5,46.82,D,Pass
STU1053,Dev Malhotra,Male,Computer Science,4,Operating Systems,74.0,8.0,16.2,10.0,17.0,18.8,89.8,8.7,44.4,96.3,87.55,A,Pass
STU1054,Kavya Verma,Female,Computer Science,8,Operating Systems,87.4,5.7,11.7,5.5,10.9,12.6,63.4,5.4,41.4,74.9,68.09,B,Pass
STU1054,Kavya Verma,Female,Computer Science,8,Machine Learning,83.8,5.6,14.2,6.0,14.1,17.6,70.4,8.0,42.5,84.8,77.09,B+,Pass
STU1054,Kavya Verma,Female,Computer Science,8,DBMS,83.6,5.1,16.2,5.9,14.2,11.1,58.8,6.8,36.8,79.9,72.64,B+,Pass
STU1054,Kavya Verma,Female,Computer Science,8,Data Structures,100.0,7.8,17.5,7.1,17.0,19.2,90.8,7.3,45.6,94.5,85.91,A,Pass
STU1055,Pooja Iyer,Female,Civil,8,Concrete Technology,63.9,5.6,7.0,4.8,8.9,10.4,45.1,4.3,26.3,51.3,46.64,D,Pass
STU1055,Pooja Iyer,Female,Civil,8,Transportation Eng,82.4,5.2,12.4,6.2,9.7,10.9,56.1,5.5,29.5,63.3,57.55,C,Pass
STU1055,Pooja Iyer,Female,Civil,8,Structural Analysis,93.1,7.4,14.7,6.7,14.3,15.7,68.6,6.6,35.9,78.2,71.09,B+,Pass
STU1055,Pooja Iyer,Female,Civil,8,Surveying,78.3,4.8,12.2,8.2,14.1,11.3,68.7,4.6,36.0,75.1,68.27,B,Pass
STU1056,Kabir Patel,Male,Electronics,3,Signals & Systems,94.7,6.3,15.6,7.9,13.9,17.5,84.7,6.6,43.1,87.1,79.18,B+,Pass
STU1056,Kabir Patel,Male,Electronics,3,Digital Electronics,63.7,5.3,9.7,7.0,11.8,11.0,54.3,6.5,29.2,64.2,58.36,C,Pass
STU1056,Kabir Patel,Male,Electronics,3,Control Systems,64.3,5.5,13.5,5.3,14.8,14.2,73.8,5.3,39.4,78.3,71.18,B+,Pass
STU1057,Anika Gupta,Female,Mechanical,8,Machine Design,76.5,4.8,11.9,7.0,11.3,10.6,48.1,6.8,27.6,64.6,58.73,C,Pass
STU1057,Anika Gupta,Female,Mechanical,8,Fluid Mechanics,74.4,4.9,10.7,7.8,14.4,11.7,57.1,4.1,25.7,62.7,57.0,C,Pass
STU1057,Anika Gupta,Female,Mechanical,8,Thermodynamics,82.4,6.0,10.7,7.0,11.2,9.4,56.1,4.9,29.6,63.4,57.64,C,Pass
STU1057,Anika Gupta,Female,Mechanical,8,Robotics,85.6,4.5,11.4,3.6,8.3,10.1,50.5,4.4,23.4,51.1,46.45,D,Pass
STU1058,Ananya Naidu,Female,Electronics,1,Digital Electronics,61.0,4.3,11.4,5.5,11.7,11.2,63.9,4.9,24.6,58.1,52.82,C,Pass
STU1058,Ananya Naidu,Female,Electronics,1,Control Systems,70.4,1.7,8.8,3.3,9.7,11.1,45.7,1.9,29.9,53.6,48.73,D,Pass
STU1058,Ananya Naidu,Female,Electronics,1,Signals & Systems,100.0,6.0,17.0,8.1,17.2,15.6,85.6,5.7,41.9,89.9,81.73,A,Pass
STU1059,Myra Nair,Female,Mechanical,6,Robotics,60.7,7.2,12.3,4.6,11.6,9.1,56.5,4.6,24.6,57.7,52.45,C,Pass
STU1059,Myra Nair,Female,Mechanical,6,Machine Design,72.0,5.4,12.5,6.7,11.9,10.9,59.4,7.4,31.5,70.0,63.64,B,Pass
STU1059,Myra Nair,Female,Mechanical,6,Fluid Mechanics,83.6,2.8,11.1,5.6,11.6,12.0,65.5,6.6,32.9,67.8,61.64,B,Pass
STU1060,Dev Gupta,Male,Computer Science,5,DBMS,54.7,5.3,9.5,5.2,10.4,10.8,53.2,5.2,30.7,61.0,55.45,C,Pass
STU1060,Dev Gupta,Male,Computer Science,5,Operating Systems,75.6,4.7,15.3,7.4,13.7,12.7,60.6,7.0,26.8,70.2,63.82,B,Pass
STU1060,Dev Gupta,Male,Computer Science,5,Machine Learning,75.5,7.6,13.8,5.9,13.7,13.8,60.2,5.2,37.8,76.4,69.45,B,Pass
STU1060,Dev Gupta,Male,Computer Science,5,Data Structures,81.1,4.1,11.7,5.6,10.1,9.3,58.1,6.6,28.3,62.3,56.64,C,Pass
STU1061,Tanya Bhat,Female,Information Technology,6,Software Engineering,96.1,4.7,12.2,6.2,12.6,12.9,62.0,6.5,37.6,75.1,68.27,B,Pass
STU1061,Tanya Bhat,Female,Information Technology,6,DBMS,90.2,6.5,13.0,6.7,13.8,10.7,56.9,4.2,27.4,65.1,59.18,C,Pass
STU1061,Tanya Bhat,Female,Information Technology,6,Web Technology,71.5,6.5,13.8,5.5,13.5,8.9,65.8,5.0,38.2,76.0,69.09,B,Pass
STU1061,Tanya Bhat,Female,Information Technology,6,Cyber Security,84.5,6.1,16.7,8.0,13.7,15.8,64.8,6.2,32.7,77.3,70.27,B+,Pass
STU1062,Dev Patel,Male,Mechanical,1,Manufacturing Tech,81.6,5.0,11.1,4.6,11.8,12.7,44.1,6.7,24.9,59.1,53.73,C,Pass
STU1062,Dev Patel,Male,Mechanical,1,Robotics,65.2,4.2,13.2,5.0,14.1,12.6,58.3,5.6,27.7,65.6,59.64,C,Pass
STU1062,Dev Patel,Male,Mechanical,1,Thermodynamics,80.4,4.0,10.9,4.5,11.1,10.3,56.7,6.3,30.5,63.3,57.55,C,Pass
STU1062,Dev Patel,Male,Mechanical,1,Fluid Mechanics,84.1,5.1,13.9,4.8,13.3,14.8,61.9,5.8,30.2,68.0,61.82,B,Pass
STU1063,Ananya Mukherjee,Female,Civil,8,Surveying,81.1,2.3,11.8,6.3,12.4,12.5,55.2,6.3,28.8,65.6,59.64,C,Pass
STU1063,Ananya Mukherjee,Female,Civil,8,Concrete Technology,79.9,6.6,13.5,8.4,14.5,12.8,73.9,6.4,35.6,78.4,71.27,B+,Pass
STU1063,Ananya Mukherjee,Female,Civil,8,Transportation Eng,58.0,8.2,14.3,5.3,10.8,14.8,62.1,5.8,39.1,75.3,68.45,B,Pass
STU1064,Riya Menon,Female,Electronics,1,Signals & Systems,88.0,4.6,10.1,5.7,12.4,8.6,49.6,5.0,23.5,56.7,51.55,C,Pass
STU1064,Riya Menon,Female,Electronics,1,Control Systems,66.0,8.0,10.7,5.9,13.0,12.1,62.3,5.7,25.3,60.6,55.09,C,Pass
STU1064,Riya Menon,Female,Electronics,1,Digital Electronics,100.0,5.1,14.4,5.4,15.9,13.7,74.9,5.9,40.6,82.2,74.73,B+,Pass
STU1065,Ananya Malhotra,Female,Mechanical,3,Manufacturing Tech,72.8,5.0,8.1,2.2,8.4,7.3,40.0,3.6,24.2,46.5,42.27,D,Pass
STU1065,Ananya Malhotra,Female,Mechanical,3,Thermodynamics,92.0,5.0,11.9,6.9,12.4,12.6,71.3,6.2,28.5,65.9,59.91,C,Pass
STU1065,Ananya Malhotra,Female,Mechanical,3,Robotics,100.0,2.8,7.3,4.4,9.7,11.4,54.2,5.0,23.2,49.6,45.09,D,Pass
STU1065,Ananya Malhotra,Female,Mechanical,3,Machine Design,53.5,5.2,16.3,6.4,16.9,14.3,70.2,7.5,37.2,84.3,76.64,B+,Pass
STU1066,Karan Nair,Male,Civil,3,Geotechnical Eng,70.9,3.8,10.3,4.6,9.7,10.1,50.2,5.1,22.8,52.5,47.73,D,Pass
STU1066,Karan Nair,Male,Civil,3,Concrete Technology,79.4,6.5,12.5,4.6,13.1,11.1,67.6,6.0,34.6,70.8,64.36,B,Pass
STU1066,Karan Nair,Male,Civil,3,Structural Analysis,79.0,3.2,11.9,7.0,13.7,11.9,53.8,5.8,34.6,73.0,66.36,B,Pass
STU1067,Riya Verma,Female,Civil,6,Surveying,76.3,2.9,17.0,6.5,13.3,15.0,70.0,8.8,37.0,82.6,75.09,B+,Pass
STU1067,Riya Verma,Female,Civil,6,Concrete Technology,53.7,2.4,10.1,6.0,11.2,8.8,41.6,3.6,21.1,52.0,47.27,D,Pass
STU1067,Riya Verma,Female,Civil,6,Structural Analysis,82.3,3.8,11.4,5.6,9.1,11.5,64.5,5.7,15.3,47.1,42.82,D,Pass
STU1068,Yash Sharma,Male,Civil,4,Transportation Eng,100.0,6.3,17.3,6.3,11.6,11.1,73.0,5.1,33.2,73.5,66.82,B,Pass
STU1068,Yash Sharma,Male,Civil,4,Structural Analysis,80.6,5.4,15.2,5.7,12.3,12.2,70.8,7.6,35.1,75.9,69.0,B,Pass
STU1068,Yash Sharma,Male,Civil,4,Geotechnical Eng,61.5,6.9,17.8,10.0,14.3,16.0,80.0,9.1,37.6,88.8,80.73,A,Pass
STU1068,Yash Sharma,Male,Civil,4,Surveying,97.2,6.0,13.3,6.5,16.6,15.9,73.7,7.0,28.8,72.2,65.64,B,Pass
STU1069,Dev Pillai,Male,Mechanical,3,Machine Design,95.2,4.4,14.8,9.2,16.6,15.6,80.6,7.0,32.5,80.1,72.82,B+,Pass
STU1069,Dev Pillai,Male,Mechanical,3,Robotics,77.2,5.1,13.6,6.9,12.8,14.6,70.0,7.5,31.3,72.1,65.55,B,Pass
STU1069,Dev Pillai,Male,Mechanical,3,Thermodynamics,100.0,7.1,13.1,6.8,13.5,14.2,74.9,7.5,36.7,77.6,70.55,B+,Pass
STU1070,Kavya Kapoor,Female,Mechanical,4,Robotics,67.4,4.0,12.5,6.4,13.9,11.5,63.6,6.8,32.5,72.1,65.55,B,Pass
STU1070,Kavya Kapoor,Female,Mechanical,4,Manufacturing Tech,100.0,5.7,14.6,4.7,10.4,11.6,61.0,5.6,31.1,66.4,60.36,B,Pass
STU1070,Kavya Kapoor,Female,Mechanical,4,Machine Design,93.0,5.0,13.7,5.3,9.7,14.0,66.6,5.3,28.9,62.9,57.18,C,Pass
STU1071,Tanya Nair,Female,Electronics,4,Signals & Systems,64.1,4.9,12.1,5.8,13.6,13.0,59.3,4.0,27.3,62.8,57.09,C,Pass
STU1071,Tanya Nair,Female,Electronics,4,Control Systems,81.9,5.9,8.6,3.1,6.9,9.3,47.5,3.4,20.6,42.6,38.73,F,Fail
STU1071,Tanya Nair,Female,Electronics,4,Digital Electronics,75.7,4.4,11.7,4.8,15.2,14.3,58.0,6.5,35.8,74.0,67.27,B,Pass
STU1072,Krishna Kapoor,Male,Civil,7,Surveying,63.6,6.0,15.2,6.1,15.1,13.7,63.0,5.8,30.5,72.7,66.09,B,Pass
STU1072,Krishna Kapoor,Male,Civil,7,Geotechnical Eng,79.1,5.4,11.4,3.5,12.0,9.8,50.6,3.9,21.0,51.8,47.09,D,Pass
STU1072,Krishna Kapoor,Male,Civil,7,Structural Analysis,68.1,1.8,12.7,6.6,12.6,12.3,56.1,7.7,38.3,77.9,70.82,B+,Pass
STU1072,Krishna Kapoor,Male,Civil,7,Transportation Eng,63.7,1.1,8.8,3.3,11.3,9.8,41.2,5.0,24.5,52.9,48.09,D,Pass
STU1073,Aarav Naidu,Male,Civil,5,Surveying,62.7,3.4,12.7,7.6,10.1,9.4,63.4,6.5,17.7,54.6,49.64,D,Pass
STU1073,Aarav Naidu,Male,Civil,5,Structural Analysis,63.9,3.3,8.3,2.7,5.9,5.0,43.4,4.1,8.5,29.5,26.82,F,Fail
STU1073,Aarav Naidu,Male,Civil,5,Transportation Eng,85.4,2.5,13.6,5.1,15.4,13.7,70.8,6.9,29.8,70.8,64.36,B,Pass
STU1073,Aarav Naidu,Male,Civil,5,Concrete Technology,81.2,5.2,10.2,5.9,12.3,9.7,61.1,6.9,29.5,64.8,58.91,C,Pass
STU1074,Ananya Gupta,Female,Information Technology,1,Cloud Computing,72.3,4.4,12.7,5.4,13.5,12.3,66.6,7.5,24.4,63.5,57.73,C,Pass
STU1074,Ananya Gupta,Female,Information Technology,1,Web Technology,89.4,2.8,10.2,5.9,10.5,8.6,58.7,8.1,24.6,59.3,53.91,C,Pass
STU1074,Ananya Gupta,Female,Information Technology,1,DBMS,40.9,3.9,10.6,4.5,10.3,14.2,69.8,5.7,35.0,66.1,60.09,B,Pass
STU1075,Ira Rao,Female,Information Technology,8,Software Engineering,48.5,6.5,14.6,4.9,14.5,15.0,70.4,7.0,43.8,84.8,77.09,B+,Pass
STU1075,Ira Rao,Female,Information Technology,8,Web Technology,65.1,5.8,8.9,5.1,8.4,10.0,55.8,5.4,22.8,50.6,46.0,D,Pass
STU1075,Ira Rao,Female,Information Technology,8,Cyber Security,73.0,4.1,12.6,6.3,11.7,10.4,64.1,6.2,33.2,70.0,63.64,B,Pass
STU1076,Vihaan Singh,Male,Information Technology,2,Cloud Computing,84.1,3.4,12.0,6.9,8.0,12.1,44.1,4.7,34.8,66.4,60.36,B,Pass
STU1076,Vihaan Singh,Male,Information Technology,2,Web Technology,61.6,3.3,10.1,5.3,15.0,15.6,63.5,5.2,40.4,76.0,69.09,B,Pass
STU1076,Vihaan Singh,Male,Information Technology,2,Cyber Security,87.5,7.7,12.3,6.6,14.7,13.9,57.5,7.7,32.7,74.0,67.27,B,Pass
STU1076,Vihaan Singh,Male,Information Technology,2,DBMS,98.5,5.9,10.9,4.3,12.2,15.4,49.2,5.8,31.8,65.0,59.09,C,Pass
STU1077,Aditya Sharma,Male,Computer Science,3,Computer Networks,65.5,4.7,9.9,5.9,9.2,12.2,54.5,7.0,23.8,55.8,50.73,C,Pass
STU1077,Aditya Sharma,Male,Computer Science,3,Operating Systems,95.1,5.4,9.0,4.7,11.2,9.6,46.5,3.2,32.5,60.6,55.09,C,Pass
STU1077,Aditya Sharma,Male,Computer Science,3,Data Structures,85.8,7.9,15.0,6.5,13.6,15.4,59.6,7.8,32.7,75.6,68.73,B,Pass
STU1078,Anika Menon,Female,Civil,2,Concrete Technology,51.0,5.8,14.7,7.4,13.2,15.4,73.9,6.3,34.5,76.1,69.18,B,Pass
STU1078,Anika Menon,Female,Civil,2,Geotechnical Eng,72.5,4.2,9.9,5.2,9.4,11.0,52.5,6.4,27.7,58.6,53.27,C,Pass
STU1078,Anika Menon,Female,Civil,2,Transportation Eng,67.6,4.1,12.0,5.9,11.6,12.0,70.7,5.1,27.3,61.9,56.27,C,Pass
STU1079,Vivaan Bhat,Male,Computer Science,8,Data Structures,66.3,7.3,11.1,6.6,11.1,11.7,64.2,6.5,31.3,66.6,60.55,B,Pass
STU1079,Vivaan Bhat,Male,Computer Science,8,Computer Networks,83.2,3.8,11.3,5.9,10.6,12.0,56.4,4.9,31.3,64.0,58.18,C,Pass
STU1079,Vivaan Bhat,Male,Computer Science,8,Machine Learning,89.0,4.9,13.2,6.6,11.1,12.6,63.6,6.2,22.5,59.6,54.18,C,Pass
STU1080,Rohan Reddy,Male,Civil,4,Geotechnical Eng,75.6,3.7,8.4,5.8,11.4,8.9,46.2,5.2,30.0,60.8,55.27,C,Pass
STU1080,Rohan Reddy,Male,Civil,4,Structural Analysis,58.4,7.5,14.0,7.5,13.3,15.7,77.2,8.5,27.7,71.0,64.55,B,Pass
STU1080,Rohan Reddy,Male,Civil,4,Transportation Eng,50.9,4.0,7.2,3.5,5.9,5.3,34.1,2.2,12.0,30.8,28.0,F,Fail
STU1080,Rohan Reddy,Male,Civil,4,Surveying,75.1,2.1,10.0,5.6,11.4,9.3,47.8,4.8,16.4,48.2,43.82,D,Pass
STU1081,Aditya Mukherjee,Male,Mechanical,3,Machine Design,92.7,4.5,11.1,4.8,8.5,13.4,60.9,5.0,29.0,58.4,53.09,C,Pass
STU1081,Aditya Mukherjee,Male,Mechanical,3,Thermodynamics,64.1,3.5,11.1,5.9,14.0,12.9,49.5,5.8,29.0,65.8,59.82,C,Pass
STU1081,Aditya Mukherjee,Male,Mechanical,3,Manufacturing Tech,86.7,4.0,10.1,5.4,9.6,8.9,46.2,5.4,23.5,54.0,49.09,D,Pass
STU1082,Yash Verma,Male,Information Technology,8,Web Technology,64.3,2.4,12.0,5.6,11.2,10.5,63.5,5.2,30.3,64.3,58.45,C,Pass
STU1082,Yash Verma,Male,Information Technology,8,Cloud Computing,73.3,7.8,15.9,8.2,15.3,15.5,74.5,7.8,36.3,83.5,75.91,B+,Pass
STU1082,Yash Verma,Male,Information Technology,8,Software Engineering,54.2,6.5,13.4,7.5,12.6,13.4,56.6,6.1,36.0,75.6,68.73,B,Pass
STU1082,Yash Verma,Male,Information Technology,8,Cyber Security,80.2,1.8,8.5,3.5,10.0,9.4,50.4,5.5,28.5,56.0,50.91,C,Pass
STU1083,Siddharth Kapoor,Male,Mechanical,2,Manufacturing Tech,93.8,4.8,11.2,4.7,7.7,8.7,50.5,4.0,13.1,40.7,37.0,F,Fail
STU1083,Siddharth Kapoor,Male,Mechanical,2,Thermodynamics,74.6,3.9,13.0,6.7,14.5,13.0,75.5,5.2,28.7,68.1,61.91,B,Pass
STU1083,Siddharth Kapoor,Male,Mechanical,2,Robotics,95.6,5.7,14.3,5.0,12.2,13.6,56.1,5.2,26.9,63.6,57.82,C,Pass
STU1083,Siddharth Kapoor,Male,Mechanical,2,Machine Design,92.8,6.3,15.7,9.1,15.0,19.2,86.2,7.7,44.9,92.4,84.0,A,Pass
STU1084,Meera Kumar,Female,Mechanical,5,Fluid Mechanics,81.9,7.3,11.6,5.2,15.2,13.7,60.7,6.2,37.8,76.0,69.09,B,Pass
STU1084,Meera Kumar,Female,Mechanical,5,Manufacturing Tech,73.3,3.9,10.8,6.2,7.5,11.1,42.5,5.0,28.1,57.6,52.36,C,Pass
STU1084,Meera Kumar,Female,Mechanical,5,Machine Design,73.4,4.2,13.1,5.8,10.5,10.5,50.1,5.2,27.5,62.1,56.45,C,Pass
STU1085,Aditya Das,Male,Mechanical,5,Machine Design,67.8,3.8,13.8,7.8,11.5,13.8,62.4,5.3,31.0,69.4,63.09,B,Pass
STU1085,Aditya Das,Male,Mechanical,5,Manufacturing Tech,91.3,6.9,11.8,6.4,12.4,9.4,56.2,6.0,32.5,69.1,62.82,B,Pass
STU1085,Aditya Das,Male,Mechanical,5,Robotics,75.7,0.5,12.1,6.1,9.8,8.2,53.1,6.5,33.1,67.6,61.45,B,Pass
STU1086,Ansh Nair,Male,Civil,8,Concrete Technology,76.3,5.9,13.9,4.7,12.9,9.3,57.4,5.8,33.9,71.2,64.73,B,Pass
STU1086,Ansh Nair,Male,Civil,8,Structural Analysis,65.0,3.2,11.2,3.7,12.6,13.9,57.5,7.1,27.2,61.8,56.18,C,Pass
STU1086,Ansh Nair,Male,Civil,8,Geotechnical Eng,88.5,4.2,12.4,5.8,9.5,12.9,56.2,3.4,29.9,61.0,55.45,C,Pass
STU1086,Ansh Nair,Male,Civil,8,Surveying,80.8,3.4,9.8,7.6,14.0,12.2,65.7,5.8,31.1,68.3,62.09,B,Pass
STU1087,Meera Gupta,Female,Mechanical,8,Thermodynamics,85.5,4.2,13.1,5.9,11.6,15.2,64.2,6.9,35.1,72.6,66.0,B,Pass
STU1087,Meera Gupta,Female,Mechanical,8,Fluid Mechanics,81.4,4.8,8.0,5.3,9.6,8.1,50.2,5.3,20.8,49.0,44.55,D,Pass
STU1087,Meera Gupta,Female,Mechanical,8,Manufacturing Tech,85.7,4.4,12.0,4.8,11.8,12.1,54.5,5.2,24.8,58.6,53.27,C,Pass
STU1088,Varun Singh,Male,Electronics,1,VLSI Design,83.0,0.5,7.3,4.5,7.9,6.8,36.5,6.0,21.9,47.6,43.27,D,Pass
STU1088,Varun Singh,Male,Electronics,1,Signals & Systems,85.7,1.1,11.4,6.3,8.9,10.1,48.2,5.7,24.5,56.8,51.64,C,Pass
STU1088,Varun Singh,Male,Electronics,1,Control Systems,74.2,4.6,17.2,7.2,13.5,11.3,64.5,6.7,31.3,75.9,69.0,B,Pass
STU1089,Bhavya Iyer,Female,Information Technology,5,Cyber Security,77.6,3.3,13.3,3.7,9.5,11.9,65.2,5.4,24.9,56.8,51.64,C,Pass
STU1089,Bhavya Iyer,Female,Information Technology,5,DBMS,82.5,6.5,15.3,5.2,13.0,14.1,68.1,7.8,26.3,67.6,61.45,B,Pass
STU1089,Bhavya Iyer,Female,Information Technology,5,Cloud Computing,94.8,4.8,12.9,5.1,10.2,10.0,56.1,5.9,23.4,57.5,52.27,C,Pass
STU1089,Bhavya Iyer,Female,Information Technology,5,Software Engineering,68.3,2.4,9.6,4.7,9.4,11.6,47.3,5.3,21.0,50.0,45.45,D,Pass
STU1090,Isha Das,Female,Civil,1,Surveying,58.8,6.4,12.5,6.4,10.4,14.2,54.2,4.0,24.7,58.0,52.73,C,Pass
STU1090,Isha Das,Female,Civil,1,Transportation Eng,83.3,2.4,9.0,4.4,8.5,8.7,40.8,2.7,19.7,44.3,40.27,D,Pass
STU1090,Isha Das,Female,Civil,1,Concrete Technology,76.1,5.4,13.6,3.5,12.3,14.2,68.1,5.8,25.0,60.2,54.73,C,Pass
STU1091,Ananya Joshi,Female,Information Technology,8,Web Technology,63.0,8.4,11.3,4.7,11.4,11.6,62.1,5.9,25.6,58.9,53.55,C,Pass
STU1091,Ananya Joshi,Female,Information Technology,8,Software Engineering,98.3,3.5,15.7,9.4,15.6,15.7,65.8,6.2,36.7,83.6,76.0,B+,Pass
STU1091,Ananya Joshi,Female,Information Technology,8,DBMS,64.0,2.9,6.3,4.1,10.2,8.7,40.6,2.1,19.2,41.9,38.09,F,Fail
STU1092,Anika Rao,Female,Civil,5,Geotechnical Eng,81.6,4.4,14.8,7.0,16.0,10.8,68.9,6.4,35.6,79.8,72.55,B+,Pass
STU1092,Anika Rao,Female,Civil,5,Structural Analysis,96.5,0.5,11.0,6.6,7.8,10.8,58.8,5.2,22.7,53.3,48.45,D,Pass
STU1092,Anika Rao,Female,Civil,5,Surveying,72.5,3.3,12.0,4.3,9.1,10.5,48.1,3.6,24.2,53.2,48.36,D,Pass
STU1092,Anika Rao,Female,Civil,5,Transportation Eng,91.7,4.3,11.9,4.9,10.1,14.9,59.4,7.0,23.3,57.2,52.0,C,Pass
STU1093,Dev Menon,Male,Civil,6,Geotechnical Eng,87.5,9.8,14.0,7.2,15.7,11.9,73.2,8.2,43.9,89.0,80.91,A,Pass
STU1093,Dev Menon,Male,Civil,6,Surveying,94.6,3.7,13.4,6.9,14.1,15.8,67.2,8.6,32.3,75.3,68.45,B,Pass
STU1093,Dev Menon,Male,Civil,6,Concrete Technology,85.3,2.0,13.6,8.4,14.8,13.0,62.7,7.6,35.7,80.1,72.82,B+,Pass
STU1093,Dev Menon,Male,Civil,6,Transportation Eng,73.4,5.3,11.3,5.3,12.2,10.8,59.9,3.8,27.1,59.7,54.27,C,Pass
STU1094,Vivaan Das,Male,Information Technology,8,Cloud Computing,54.0,6.7,9.5,4.4,9.3,10.2,43.9,5.9,23.9,53.0,48.18,D,Pass
STU1094,Vivaan Das,Male,Information Technology,8,DBMS,74.7,3.0,5.9,3.8,5.4,4.6,23.1,2.7,24.1,41.9,38.09,F,Fail
STU1094,Vivaan Das,Male,Information Technology,8,Software Engineering,91.2,5.0,7.6,4.6,6.4,7.9,44.1,3.4,15.0,37.0,33.64,F,Fail
STU1094,Vivaan Das,Male,Information Technology,8,Cyber Security,78.6,5.1,13.2,7.5,12.4,11.1,60.9,5.4,26.8,65.3,59.36,C,Pass
STU1095,Krishna Mukherjee,Male,Mechanical,5,Manufacturing Tech,71.8,5.9,9.5,6.4,14.4,10.6,52.2,4.8,25.1,60.2,54.73,C,Pass
STU1095,Krishna Mukherjee,Male,Mechanical,5,Machine Design,67.9,7.8,11.2,5.3,9.0,9.4,61.4,5.4,27.3,58.2,52.91,C,Pass
STU1095,Krishna Mukherjee,Male,Mechanical,5,Robotics,97.5,4.7,10.5,3.6,9.3,12.3,57.3,6.3,24.4,54.1,49.18,D,Pass
STU1095,Krishna Mukherjee,Male,Mechanical,5,Thermodynamics,53.0,3.6,14.8,8.2,13.8,15.5,64.7,4.8,36.3,77.9,70.82,B+,Pass
STU1096,Nikhil Mukherjee,Male,Mechanical,5,Thermodynamics,71.7,0.9,11.7,6.6,12.1,12.9,57.7,6.1,28.4,64.9,59.0,C,Pass
STU1096,Nikhil Mukherjee,Male,Mechanical,5,Machine Design,84.7,0.9,9.7,2.6,9.2,7.8,36.6,6.2,20.7,48.4,44.0,D,Pass
STU1096,Nikhil Mukherjee,Male,Mechanical,5,Fluid Mechanics,67.1,3.4,12.6,5.7,13.1,9.9,52.8,5.5,27.9,64.8,58.91,C,Pass
STU1097,Anika Malhotra,Female,Civil,7,Structural Analysis,90.2,2.1,12.5,5.4,9.9,13.6,53.4,6.5,33.6,67.9,61.73,B,Pass
STU1097,Anika Malhotra,Female,Civil,7,Transportation Eng,73.7,4.2,6.1,6.0,10.8,10.3,54.4,3.9,16.9,43.7,39.73,F,Fail
STU1097,Anika Malhotra,Female,Civil,7,Geotechnical Eng,96.4,5.4,10.3,5.0,13.6,10.8,50.1,3.8,25.1,57.8,52.55,C,Pass
STU1097,Anika Malhotra,Female,Civil,7,Surveying,75.7,7.5,12.3,6.9,13.6,15.5,65.4,7.3,32.5,72.6,66.0,B,Pass
STU1098,Ananya Iyer,Female,Information Technology,2,Software Engineering,62.8,7.2,14.3,6.7,16.2,14.4,78.7,7.3,32.0,76.5,69.55,B,Pass
STU1098,Ananya Iyer,Female,Information Technology,2,Cyber Security,81.2,0.5,9.5,5.4,8.1,8.0,45.0,2.9,22.1,48.0,43.64,D,Pass
STU1098,Ananya Iyer,Female,Information Technology,2,Cloud Computing,87.5,5.6,7.7,4.6,9.7,11.2,42.4,4.0,27.1,53.1,48.27,D,Pass
STU1099,Sara Reddy,Female,Information Technology,4,DBMS,70.5,5.1,12.1,8.1,16.8,17.0,76.0,6.3,39.2,82.5,75.0,B+,Pass
STU1099,Sara Reddy,Female,Information Technology,4,Web Technology,73.2,2.8,8.7,5.7,13.2,12.3,55.7,6.2,28.6,62.4,56.73,C,Pass
STU1099,Sara Reddy,Female,Information Technology,4,Cloud Computing,90.6,5.4,10.9,5.6,10.3,11.8,51.0,5.0,24.9,56.7,51.55,C,Pass
STU1099,Sara Reddy,Female,Information Technology,4,Cyber Security,77.8,6.2,11.6,7.4,9.7,12.6,60.2,4.9,34.8,68.4,62.18,B,Pass
STU1100,Arjun Pillai,Male,Information Technology,8,Cloud Computing,54.7,5.6,11.2,4.1,11.6,13.7,56.3,5.5,21.5,53.9,49.0,D,Pass
STU1100,Arjun Pillai,Male,Information Technology,8,Cyber Security,77.2,3.0,12.3,8.5,10.1,11.6,50.7,3.5,31.7,66.1,60.09,B,Pass
STU1100,Arjun Pillai,Male,Information Technology,8,Web Technology,66.0,5.5,10.5,5.3,9.9,10.2,52.9,6.1,17.1,48.9,44.45,D,Pass
STU1101,Krishna Chatterjee,Male,Mechanical,8,Manufacturing Tech,65.7,5.5,12.6,5.8,11.9,13.4,55.9,8.1,23.3,61.7,56.09,C,Pass
STU1101,Krishna Chatterjee,Male,Mechanical,8,Robotics,83.2,3.3,12.1,6.5,11.9,14.3,65.4,7.0,26.7,64.2,58.36,C,Pass
STU1101,Krishna Chatterjee,Male,Mechanical,8,Fluid Mechanics,73.8,4.3,9.7,5.9,8.9,13.1,48.1,5.5,29.5,59.5,54.09,C,Pass
STU1102,Anika Verma,Female,Computer Science,4,DBMS,100.0,3.4,10.5,6.0,12.6,10.8,52.8,3.9,27.2,60.2,54.73,C,Pass
STU1102,Anika Verma,Female,Computer Science,4,Computer Networks,86.7,3.2,8.5,3.5,13.5,10.9,55.3,4.4,30.2,60.1,54.64,C,Pass
STU1102,Anika Verma,Female,Computer Science,4,Machine Learning,66.8,5.9,9.6,5.0,9.7,11.6,44.7,3.7,24.1,52.1,47.36,D,Pass
STU1103,Shreya Das,Female,Information Technology,3,Software Engineering,83.1,6.4,7.9,5.5,8.9,9.5,40.3,5.6,15.4,43.3,39.36,F,Fail
STU1103,Shreya Das,Female,Information Technology,3,Cloud Computing,83.9,3.2,9.2,4.0,12.4,10.7,55.1,6.3,15.8,47.7,43.36,D,Pass
STU1103,Shreya Das,Female,Information Technology,3,Cyber Security,67.3,5.8,11.1,6.4,11.6,11.9,55.9,4.8,26.2,60.1,54.64,C,Pass
STU1103,Shreya Das,Female,Information Technology,3,Web Technology,100.0,4.3,14.2,6.7,14.3,14.5,73.0,4.1,36.7,76.0,69.09,B,Pass
STU1104,Ananya Sharma,Female,Civil,3,Geotechnical Eng,87.5,7.7,12.0,5.7,12.8,14.9,68.8,6.5,35.7,72.7,66.09,B,Pass
STU1104,Ananya Sharma,Female,Civil,3,Concrete Technology,61.6,5.0,12.3,5.0,9.8,11.1,52.6,5.3,27.6,60.0,54.55,C,Pass
STU1104,Ananya Sharma,Female,Civil,3,Transportation Eng,91.5,3.7,12.5,6.9,14.9,12.4,71.5,7.4,36.1,77.8,70.73,B+,Pass
STU1105,Krishna Das,Male,Electronics,1,VLSI Design,84.3,4.5,12.4,5.3,11.8,10.6,66.4,5.8,34.8,70.1,63.73,B,Pass
STU1105,Krishna Das,Male,Electronics,1,Digital Electronics,65.6,5.1,12.9,6.6,12.2,13.1,66.3,5.9,28.2,65.8,59.82,C,Pass
STU1105,Krishna Das,Male,Electronics,1,Control Systems,86.5,7.1,10.7,4.5,14.6,13.3,64.5,6.7,45.3,81.8,74.36,B+,Pass
STU1105,Krishna Das,Male,Electronics,1,Signals & Systems,63.4,6.2,12.2,6.0,9.7,11.4,50.8,6.1,31.1,65.1,59.18,C,Pass
STU1106,Aditya Singh,Male,Electronics,4,Signals & Systems,62.8,3.4,12.1,5.8,10.3,12.4,53.3,2.5,28.7,59.4,54.0,C,Pass
STU1106,Aditya Singh,Male,Electronics,4,Control Systems,83.3,3.4,16.7,7.7,17.8,16.4,86.8,7.8,43.4,93.4,84.91,A,Pass
STU1106,Aditya Singh,Male,Electronics,4,VLSI Design,94.6,2.9,9.7,6.6,10.2,12.0,63.3,5.6,25.0,57.1,51.91,C,Pass
STU1107,Aman Das,Male,Information Technology,5,Software Engineering,93.5,5.0,9.6,2.3,10.9,9.5,50.1,3.9,20.6,47.3,43.0,D,Pass
STU1107,Aman Das,Male,Information Technology,5,DBMS,100.0,4.2,15.1,8.0,18.3,15.3,73.9,7.0,37.8,86.2,78.36,B+,Pass
STU1107,Aman Das,Male,Information Technology,5,Web Technology,84.9,3.3,10.2,4.9,8.4,8.7,50.6,3.3,17.9,44.7,40.64,D,Pass
STU1107,Aman Das,Male,Information Technology,5,Cyber Security,77.9,2.6,8.6,5.2,9.2,9.9,42.1,6.0,21.2,50.2,45.64,D,Pass
STU1108,Varun Gupta,Male,Computer Science,2,Computer Networks,75.8,7.1,11.9,7.4,11.4,11.0,62.2,4.4,28.9,64.0,58.18,C,Pass
STU1108,Varun Gupta,Male,Computer Science,2,Data Structures,81.1,3.8,10.8,4.5,10.4,8.3,45.2,4.8,29.7,60.2,54.73,C,Pass
STU1108,Varun Gupta,Male,Computer Science,2,DBMS,75.7,4.1,13.2,7.4,11.9,13.3,72.6,7.3,33.1,72.9,66.27,B,Pass
STU1109,Priya Verma,Female,Electronics,1,Digital Electronics,75.2,4.1,11.3,5.1,12.6,9.2,50.9,5.5,27.7,62.2,56.55,C,Pass
STU1109,Priya Verma,Female,Electronics,1,Microprocessors,60.1,4.6,14.6,7.8,13.5,14.5,68.7,7.6,34.9,78.4,71.27,B+,Pass
STU1109,Priya Verma,Female,Electronics,1,Control Systems,63.3,5.0,7.6,1.8,8.2,7.8,44.0,4.4,26.7,48.7,44.27,D,Pass
STU1110,Ansh Bhat,Male,Civil,3,Transportation Eng,54.4,6.2,11.9,6.1,9.9,10.4,57.3,4.7,32.4,65.0,59.09,C,Pass
STU1110,Ansh Bhat,Male,Civil,3,Surveying,80.4,5.7,11.7,5.9,13.3,12.9,60.8,7.0,30.8,68.7,62.45,B,Pass
STU1110,Ansh Bhat,Male,Civil,3,Structural Analysis,81.6,3.1,7.8,3.2,7.4,6.3,44.9,3.2,17.7,39.3,35.73,F,Fail
STU1110,Ansh Bhat,Male,Civil,3,Geotechnical Eng,58.7,5.3,9.1,4.0,10.7,8.6,47.5,4.0,25.7,53.5,48.64,D,Pass
STU1111,Ansh Reddy,Male,Information Technology,5,Software Engineering,78.0,4.1,6.6,2.2,10.5,6.5,37.0,3.4,20.2,42.9,39.0,F,Fail
STU1111,Ansh Reddy,Male,Information Technology,5,DBMS,61.3,8.0,11.3,6.0,13.5,11.5,61.5,5.9,31.2,67.9,61.73,B,Pass
STU1111,Ansh Reddy,Male,Information Technology,5,Web Technology,86.2,5.0,11.9,4.7,11.6,13.5,66.8,7.3,35.4,70.9,64.45,B,Pass
STU1111,Ansh Reddy,Male,Information Technology,5,Cyber Security,97.6,4.2,16.8,7.6,17.2,14.8,72.3,6.4,37.0,85.0,77.27,B+,Pass
STU1112,Vivaan Kapoor,Male,Electronics,8,Microprocessors,63.6,3.9,10.2,5.4,9.8,12.9,54.4,7.0,34.1,66.5,60.45,B,Pass
STU1112,Vivaan Kapoor,Male,Electronics,8,Control Systems,63.9,4.3,4.2,4.5,6.5,6.9,20.5,2.0,19.3,36.5,33.18,F,Fail
STU1112,Vivaan Kapoor,Male,Electronics,8,VLSI Design,75.9,5.1,14.6,7.5,15.2,18.5,64.0,8.1,36.8,82.2,74.73,B+,Pass
STU1113,Trisha Kapoor,Female,Civil,4,Transportation Eng,77.2,5.6,9.7,7.5,11.4,12.5,64.0,6.4,27.4,62.4,56.73,C,Pass
STU1113,Trisha Kapoor,Female,Civil,4,Concrete Technology,85.2,6.8,16.3,6.2,14.4,13.0,59.4,4.9,30.5,72.3,65.73,B,Pass
STU1113,Trisha Kapoor,Female,Civil,4,Geotechnical Eng,100.0,3.2,13.1,7.1,17.6,12.3,72.7,8.7,39.1,85.6,77.82,B+,Pass
STU1113,Trisha Kapoor,Female,Civil,4,Structural Analysis,81.0,8.1,15.6,6.5,16.0,15.3,74.4,9.2,36.0,83.3,75.73,B+,Pass
STU1114,Aman Gupta,Male,Computer Science,6,Operating Systems,77.8,6.9,6.7,5.2,10.8,9.2,49.2,4.5,26.9,54.1,49.18,D,Pass
STU1114,Aman Gupta,Male,Computer Science,6,Machine Learning,50.2,4.8,9.9,5.5,9.0,10.0,60.0,6.2,30.9,61.5,55.91,C,Pass
STU1114,Aman Gupta,Male,Computer Science,6,DBMS,68.3,4.5,8.4,4.7,12.2,13.3,57.6,7.0,27.5,59.8,54.36,C,Pass
STU1114,Aman Gupta,Male,Computer Science,6,Computer Networks,100.0,8.0,12.3,5.7,12.9,12.2,57.2,6.1,35.2,72.2,65.64,B,Pass
STU1115,Nikhil Naidu,Male,Computer Science,6,Computer Networks,100.0,4.9,12.7,7.3,11.5,15.9,64.7,6.1,36.6,74.2,67.45,B,Pass
STU1115,Nikhil Naidu,Male,Computer Science,6,DBMS,88.1,2.7,16.3,7.2,14.2,15.2,74.1,6.9,36.2,80.8,73.45,B+,Pass
STU1115,Nikhil Naidu,Male,Computer Science,6,Machine Learning,61.7,7.3,7.3,4.7,10.4,9.5,49.1,4.0,28.0,54.4,49.45,D,Pass
STU1116,Siddharth Kapoor,Male,Mechanical,4,Machine Design,77.0,4.0,11.4,5.9,12.0,11.9,61.1,6.7,31.1,67.1,61.0,B,Pass
STU1116,Siddharth Kapoor,Male,Mechanical,4,Fluid Mechanics,55.8,5.4,13.2,5.3,11.1,11.2,63.1,7.1,28.6,65.3,59.36,C,Pass
STU1116,Siddharth Kapoor,Male,Mechanical,4,Robotics,79.7,6.3,13.5,6.5,15.8,11.1,64.6,5.7,27.5,69.0,62.73,B,Pass
STU1117,Kabir Pillai,Male,Mechanical,1,Robotics,90.0,4.5,10.4,5.7,12.1,14.3,65.2,8.4,39.3,75.9,69.0,B,Pass
STU1117,Kabir Pillai,Male,Mechanical,1,Manufacturing Tech,65.2,7.8,13.7,5.8,15.0,12.0,56.1,8.6,34.7,77.8,70.73,B+,Pass
STU1117,Kabir Pillai,Male,Mechanical,1,Fluid Mechanics,75.7,2.4,11.1,5.6,10.3,9.9,54.7,3.0,21.7,51.7,47.0,D,Pass
STU1118,Karan Naidu,Male,Electronics,2,Microprocessors,98.1,4.0,9.9,5.3,8.4,8.7,47.6,4.5,27.2,55.3,50.27,C,Pass
STU1118,Karan Naidu,Male,Electronics,2,VLSI Design,54.1,9.4,17.4,8.4,15.4,16.5,74.7,6.9,41.6,89.7,81.55,A,Pass
STU1118,Karan Naidu,Male,Electronics,2,Signals & Systems,87.0,2.8,7.8,4.7,8.0,4.8,49.8,4.5,23.4,48.4,44.0,D,Pass
STU1119,Dev Iyer,Male,Electronics,4,Microprocessors,96.1,3.6,12.8,8.6,11.3,11.8,55.8,5.2,34.5,72.4,65.82,B,Pass
STU1119,Dev Iyer,Male,Electronics,4,Digital Electronics,89.6,7.7,14.2,5.5,10.8,12.4,54.1,5.0,39.7,75.2,68.36,B,Pass
STU1119,Dev Iyer,Male,Electronics,4,Control Systems,61.4,1.4,9.6,3.0,11.2,9.2,55.7,4.3,28.7,56.8,51.64,C,Pass
STU1120,Manav Reddy,Male,Civil,7,Concrete Technology,65.8,3.8,11.5,6.5,11.5,8.6,65.6,5.9,29.6,65.0,59.09,C,Pass
STU1120,Manav Reddy,Male,Civil,7,Structural Analysis,93.6,3.7,8.1,6.3,9.6,11.6,62.7,6.4,32.9,63.3,57.55,C,Pass
STU1120,Manav Reddy,Male,Civil,7,Transportation Eng,70.7,6.7,10.5,7.1,10.9,8.7,67.6,6.3,31.8,66.6,60.55,B,Pass
STU1120,Manav Reddy,Male,Civil,7,Surveying,82.0,2.5,10.2,3.7,9.9,11.9,48.4,7.1,20.3,51.2,46.55,D,Pass
STU1121,Kiara Chatterjee,Female,Civil,2,Concrete Technology,97.2,4.1,11.4,5.3,10.7,9.0,51.7,6.3,19.6,53.3,48.45,D,Pass
STU1121,Kiara Chatterjee,Female,Civil,2,Surveying,52.6,3.1,12.2,5.2,11.0,12.0,60.6,7.1,28.4,63.9,58.09,C,Pass
STU1121,Kiara Chatterjee,Female,Civil,2,Geotechnical Eng,73.7,5.4,11.1,6.2,10.3,8.8,58.2,4.4,27.6,59.6,54.18,C,Pass
STU1121,Kiara Chatterjee,Female,Civil,2,Structural Analysis,75.8,4.5,6.4,7.0,10.4,12.4,60.8,7.2,30.3,61.3,55.73,C,Pass
STU1122,Kiara Mukherjee,Female,Information Technology,5,Cloud Computing,90.1,2.3,10.6,4.3,8.1,12.4,58.8,5.3,26.8,55.1,50.09,C,Pass
STU1122,Kiara Mukherjee,Female,Information Technology,5,DBMS,80.2,7.0,14.7,6.4,11.6,12.8,66.4,6.8,33.8,73.3,66.64,B,Pass
STU1122,Kiara Mukherjee,Female,Information Technology,5,Cyber Security,88.8,2.8,11.8,4.9,8.3,9.1,52.3,5.9,23.1,54.0,49.09,D,Pass
STU1122,Kiara Mukherjee,Female,Information Technology,5,Web Technology,61.0,4.0,16.9,8.2,15.8,11.4,73.3,6.7,39.7,87.3,79.36,B+,Pass
STU1123,Rahul Kumar,Male,Information Technology,7,Web Technology,80.1,4.7,11.3,6.2,8.1,11.4,48.6,5.1,29.4,60.1,54.64,C,Pass
STU1123,Rahul Kumar,Male,Information Technology,7,DBMS,66.1,4.7,11.4,4.6,11.3,8.9,45.7,4.1,27.7,59.1,53.73,C,Pass
STU1123,Rahul Kumar,Male,Information Technology,7,Software Engineering,87.0,3.1,7.7,3.1,8.6,6.8,47.6,4.2,20.8,44.4,40.36,D,Pass
STU1124,Isha Singh,Female,Information Technology,4,Cyber Security,80.6,5.8,14.3,5.9,10.8,12.2,54.2,4.4,30.5,65.9,59.91,C,Pass
STU1124,Isha Singh,Female,Information Technology,4,Software Engineering,69.0,6.2,13.6,7.2,15.3,12.3,68.1,8.6,32.4,77.1,70.09,B+,Pass
STU1124,Isha Singh,Female,Information Technology,4,DBMS,100.0,4.9,10.9,6.8,12.8,12.4,71.5,5.5,30.0,66.0,60.0,B,Pass
STU1124,Isha Singh,Female,Information Technology,4,Cloud Computing,94.2,0.6,12.1,7.7,11.6,10.1,55.5,4.6,27.9,63.9,58.09,C,Pass
STU1125,Ishaan Menon,Male,Civil,8,Geotechnical Eng,54.9,4.1,6.4,6.7,8.8,8.5,48.5,5.1,21.8,48.8,44.36,D,Pass
STU1125,Ishaan Menon,Male,Civil,8,Transportation Eng,83.6,6.5,8.9,4.4,11.8,10.0,65.1,5.7,22.6,53.4,48.55,D,Pass
STU1125,Ishaan Menon,Male,Civil,8,Surveying,92.7,2.2,11.8,5.6,14.1,11.1,64.4,6.0,34.5,72.0,65.45,B,Pass
STU1125,Ishaan Menon,Male,Civil,8,Structural Analysis,72.5,8.1,11.8,8.3,15.6,11.9,59.2,5.6,29.0,70.3,63.91,B,Pass
STU1126,Isha Bhat,Female,Electronics,2,VLSI Design,78.3,6.1,11.0,4.8,9.2,10.6,58.8,5.5,30.5,61.0,55.45,C,Pass
STU1126,Isha Bhat,Female,Electronics,2,Control Systems,77.9,3.3,12.0,4.8,12.3,8.9,50.1,7.8,26.4,63.3,57.55,C,Pass
STU1126,Isha Bhat,Female,Electronics,2,Microprocessors,100.0,6.0,12.4,7.3,9.6,13.6,53.2,6.7,28.3,64.3,58.45,C,Pass
STU1127,Sara Iyer,Female,Electronics,8,Signals & Systems,53.6,3.9,8.4,7.0,11.1,11.6,55.5,4.1,25.9,56.5,51.36,C,Pass
STU1127,Sara Iyer,Female,Electronics,8,Control Systems,62.7,8.7,11.0,5.2,11.2,12.1,52.8,5.8,32.0,65.2,59.27,C,Pass
STU1127,Sara Iyer,Female,Electronics,8,VLSI Design,45.5,2.5,13.6,7.0,13.1,16.0,67.5,6.6,37.6,77.9,70.82,B+,Pass
STU1128,Sneha Sharma,Female,Mechanical,1,Machine Design,79.6,3.5,11.7,5.7,13.4,12.5,60.6,4.7,28.2,63.7,57.91,C,Pass
STU1128,Sneha Sharma,Female,Mechanical,1,Manufacturing Tech,78.5,6.3,17.5,8.0,15.1,12.1,78.7,7.6,41.3,89.5,81.36,A,Pass
STU1128,Sneha Sharma,Female,Mechanical,1,Robotics,73.5,4.2,8.5,5.6,7.6,8.2,43.5,3.1,20.8,45.6,41.45,D,Pass
STU1129,Rohan Chatterjee,Male,Mechanical,4,Robotics,79.3,3.3,15.2,8.6,14.9,14.5,70.0,8.3,41.4,88.4,80.36,A,Pass
STU1129,Rohan Chatterjee,Male,Mechanical,4,Fluid Mechanics,81.8,3.4,15.0,9.2,15.0,12.0,81.6,9.7,46.5,95.4,86.73,A,Pass
STU1129,Rohan Chatterjee,Male,Mechanical,4,Manufacturing Tech,70.4,5.3,11.6,7.2,11.6,14.1,58.9,8.2,24.4,63.0,57.27,C,Pass
STU1130,Bhavya Das,Female,Electronics,2,Signals & Systems,67.8,2.6,12.9,5.9,8.2,13.6,69.3,7.2,15.3,49.5,45.0,D,Pass
STU1130,Bhavya Das,Female,Electronics,2,Microprocessors,71.5,5.4,10.4,5.8,10.7,8.9,50.0,4.6,19.6,51.1,46.45,D,Pass
STU1130,Bhavya Das,Female,Electronics,2,Control Systems,75.0,1.8,10.8,4.8,11.9,13.7,69.5,6.2,30.3,64.0,58.18,C,Pass
STU1130,Bhavya Das,Female,Electronics,2,Digital Electronics,72.7,3.4,11.4,5.8,10.8,11.6,48.3,6.4,38.6,73.0,66.36,B,Pass
STU1011,Diya Naidu,Female,Mechanical,7,Machine Design,87.3,3.2,12.1,7.3,13.1,13.3,67.2,7.4,34.3,74.2,67.45,B,Pass
STU1065,Ananya Malhotra,Female,Mechanical,3,Thermodynamics,92.0,5.0,11.9,6.9,12.4,12.6,71.3,6.2,28.5,65.9,59.91,C,Pass
STU1112,Vivaan Kapoor,Male,Electronics,8,Microprocessors,63.6,3.9,10.2,5.4,9.8,12.9,54.4,7.0,34.1,66.5,60.45,B,Pass
STU1020,Aarav Menon,Male,Computer Science,8,Operating Systems,62.5,5.3,15.1,8.3,13.8,15.3,71.7,9.1,33.4,79.7,72.45,B+,Pass
STU1071,Tanya Nair,Female,Electronics,4,Control Systems,81.9,5.9,8.6,3.1,6.9,9.3,47.5,3.4,20.6,42.6,38.73,F,Fail
STU1111,Ansh Reddy,Male,Information Technology,5,DBMS,61.3,8.0,11.3,6.0,13.5,11.5,61.5,5.9,31.2,67.9,61.73,B,Pass
STU1056,Kabir Patel,Male,Electronics,3,Signals & Systems,94.7,6.3,15.6,7.9,13.9,17.5,84.7,6.6,43.1,87.1,79.18,B+,Pass
STU1037,Ishaan Rao,Male,Electronics,1,Control Systems,81.4,4.4,9.2,6.3,8.4,11.7,51.4,7.3,29.7,60.9,55.36,C,Pass
STU1094,Vivaan Das,Male,Information Technology,8,Software Engineering,91.2,5.0,7.6,4.6,6.4,7.9,44.1,3.4,15.0,37.0,33.64,F,Fail
STU1127,Sara Iyer,Female,Electronics,8,Signals & Systems,53.6,3.9,8.4,7.0,11.1,11.6,55.5,4.1,25.9,56.5,51.36,C,Pass
STU1040,Kavya Naidu,Female,Mechanical,6,Machine Design,85.1,5.5,18.1,8.3,17.5,14.9,84.3,8.4,41.8,94.1,85.55,A,Pass
STU1036,Manav Chatterjee,Male,Computer Science,3,DBMS,73.9,1.5,10.7,6.2,13.5,11.1,53.0,8.2,24.3,62.9,57.18,C,Pass
STU1130,Bhavya Das,Female,Electronics,2,Digital Electronics,72.7,3.4,11.4,5.8,10.8,11.6,48.3,6.4,38.6,73.0,66.36,B,Pass
STU1020,Aarav Menon,Male,Computer Science,8,Computer Networks,80.5,5.2,16.6,7.5,15.3,12.9,71.2,6.0,36.4,81.8,74.36,B+,Pass
STU1065,Ananya Malhotra,Female,Mechanical,3,Machine Design,53.5,5.2,16.3,6.4,16.9,14.3,70.2,7.5,37.2,84.3,76.64,B+,Pass
STU1110,Ansh Bhat,Male,Civil,3,Structural Analysis,81.6,3.1,7.8,3.2,7.4,6.3,44.9,3.2,17.7,39.3,35.73,F,Fail
STU1079,Vivaan Bhat,Male,Computer Science,8,Data Structures,66.3,7.3,11.1,6.6,11.1,11.7,64.2,6.5,31.3,66.6,60.55,B,Pass
STU1049,Myra Pillai,Female,Information Technology,3,Cloud Computing,64.3,8.8,13.2,6.0,14.0,12.8,68.6,6.6,35.4,75.2,68.36,B,Pass
STU1077,Aditya Sharma,Male,Computer Science,3,Operating Systems,95.1,5.4,9.0,4.7,11.2,9.6,46.5,3.2,32.5,60.6,55.09,C,Pass
STU1071,Tanya Nair,Female,Electronics,4,Signals & Systems,64.1,4.9,12.1,5.8,13.6,13.0,59.3,4.0,27.3,62.8,57.09,C,Pass
STU1100,Arjun Pillai,Male,Information Technology,8,Web Technology,66.0,5.5,10.5,5.3,9.9,10.2,52.9,6.1,17.1,48.9,44.45,D,Pass
STU1113,Trisha Kapoor,Female,Civil,4,Structural Analysis,81.0,8.1,15.6,6.5,16.0,15.3,74.4,9.2,36.0,83.3,75.73,B+,Pass
STU1111,Ansh Reddy,Male,Information Technology,5,Cyber Security,97.6,4.2,16.8,7.6,17.2,14.8,72.3,6.4,37.0,85.0,77.27,B+,Pass
STU1070,Kavya Kapoor,Female,Mechanical,4,Manufacturing Tech,100.0,5.7,14.6,4.7,10.4,11.6,61.0,5.6,31.1,66.4,60.36,B,Pass
STU1043,Sara Sharma,Female,Computer Science,3,DBMS,89.9,2.2,11.5,4.1,12.4,12.8,53.9,5.8,29.8,63.6,57.82,C,Pass
STU1117,Kabir Pillai,Male,Mechanical,1,Robotics,90.0,4.5,10.4,5.7,12.1,14.3,65.2,8.4,39.3,75.9,69.0,B,Pass
STU1112,Vivaan Kapoor,Male,Electronics,8,VLSI Design,75.9,5.1,14.6,7.5,15.2,18.5,64.0,8.1,36.8,82.2,74.73,B+,Pass
STU1015,Priya Reddy,Female,Civil,7,Transportation Eng,68.2,4.8,10.8,6.2,13.9,11.5,55.2,7.7,23.2,61.8,56.18,C,Pass
STU1019,Aman Patel,Male,Civil,7,Geotechnical Eng,83.9,5.1,15.0,8.6,17.2,13.5,79.8,8.4,37.2,86.4,78.55,B+,Pass
STU1059,Myra Nair,Female,Mechanical,6,Fluid Mechanics,83.6,2.8,11.1,5.6,11.6,12.0,65.5,6.6,32.9,67.8,61.64,B,Pass
STU1067,Riya Verma,Female,Civil,6,Surveying,76.3,2.9,17.0,6.5,13.3,15.0,70.0,8.8,37.0,82.6,75.09,B+,Pass
STU1099,Sara Reddy,Female,Information Technology,4,Web Technology,73.2,2.8,8.7,5.7,13.2,12.3,55.7,6.2,28.6,62.4,56.73,C,Pass
STU1024,Kiara Patel,Female,Mechanical,2,Manufacturing Tech,67.8,4.5,11.0,7.4,8.7,9.9,50.6,6.1,23.6,56.8,51.64,C,Pass
STU1039,Meera Patel,Female,Mechanical,1,Thermodynamics,84.6,6.5,14.5,5.1,12.2,11.0,61.5,4.7,28.9,65.4,59.45,C,Pass
STU1111,Ansh Reddy,Male,Information Technology,5,DBMS,61.3,8.0,11.3,6.0,13.5,11.5,61.5,5.9,31.2,67.9,61.73,B,Pass
STU1003,Myra Rao,Female,Electronics,6,VLSI Design,80.8,7.2,17.3,6.8,15.5,15.9,85.3,8.5,37.9,86.0,78.18,B+,Pass
STU1090,Isha Das,Female,Civil,1,Surveying,58.8,6.4,12.5,6.4,10.4,14.2,54.2,4.0,24.7,58.0,52.73,C,Pass
STU1089,Bhavya Iyer,Female,Information Technology,5,Cloud Computing,94.8,4.8,12.9,5.1,10.2,10.0,56.1,5.9,23.4,57.5,52.27,C,Pass
STU1007,Arjun Malhotra,Male,Electronics,4,Digital Electronics,82.7,5.5,13.1,5.8,12.8,14.1,71.3,5.8,37.2,74.7,67.91,B,Pass
